Age,MSY,MSYlow
0,0.000000,0.000000
1,2.079490,1.727857
2,14.573933,12.112063
3,57.864174,48.135598
4,65.006411,54.205889
5,387.003831,323.831669
6,104.264191,87.521346
7,454.254049,381.942741
8,233.220929,196.198273
9,44.184905,37.172959
10,64.597603,54.340966
11,9.542105,8.025845
12,30.180641,25.380732
13,21.349083,17.950803
14,24.519784,20.613564
15,12.911270,10.852793
16,25.679536,21.582451
