Age,MSY_Z,MSYlow_Z
0,0.24000,0.24
1,0.24032,0.240269065
2,0.24289,0.242400796
3,0.25470,0.252214381
4,0.28430,0.276804991
5,0.32815,0.313244154
6,0.36853,0.346792828
7,0.38991,0.364557957
8,0.39671,0.370209874
9,0.39748,0.37084327
10,0.39621,0.369795685
11,0.39429,0.368199936
12,0.39218,0.366444415
13,0.39007,0.364686706
14,0.38804,0.362999783
15,0.38613,0.3614204
16,0.38438,0.359964166
